Tobias Luigart:luigart
Dirk Huperz-Reuber:reuber
Alex Stahlhut:stahlhut
Arnold Columbia:columbia
Warren Rozario:rozario
Jacques Berny Team GTR3-Fr:berny
Frederic Veillon:veillon
Andreas Werlberger:werlberger
Jörg Menzel:menzel
Tim Ullrich:ullrich
Magnus Schmitt:schmitt
Bernd Engler:engler
Peter Langenhan:langenhan
Nils Ruwisch:ruwisch
Steffen Buhl:buhl
Mateusz Panek:panek
Heinz-Peter Vobis:vobis
Rene Drawert:rene
Not Available:available
Sascha Günther:günther
Gutteling Richard:richard
Robert Gerke:gerke
Walser Michael:walser
Roman Holzi:holzi
Liongivré Team_GTR3-Fr:liongivré
Rene Legende Team GTR3-Fr:legende
Marcel Schümmer:schümmer
Lars Otto:otto
Sven Oliver IMP:oliver
Christian Brosch:brosch
Tobias Knoop:knoop
Michael Brese:brese
Sven Schlüter:schlüter
Frank Bock:bock
Mitos MST:mitos
Tobias Pudlich:pudlich
Max Ohliger:ohliger
Stefan Dembski:dembski
Sirko Sundermann:sundermann
Charly Braun:braun
Danie Steenkamp:steenkamp
Hans-Jörg Mächler:mächler
Pascal Drees:drees
Rainer Stork:stork
[FHP] Mortsie:mortsie
GTRP_MrMac:mr mac
Majstor_Stevo:stevo
XR Mitch9003:mitch
timo199_:timo
dominoeffeckt:dominoeffeckt
riowac85:rio
Tiberius_85:tiberius
[TRM] Gernot B.:gernot
XR Maggo:marco
XR TommyKaira88:tommy
ockerocker:ockerocker
GTRP_newbayer07:bayer
p_lustig:lustig
Floppyh:floppy
Tscholli83:tscholli
Jens Wolf:jemec
mjemec1990:jemec
fc_momo91:momo
Frank Pabst:pabst
j_rindt:rindt
XRC inthebagbud:big g
Skidmeister:skid meister
jenzone:jenzone
[TGR] AtzeBK:atze
GTRP_Hajora:hajora
gsi_er:gsi
XR Freestyler:freestyler
fity80:fity
[TRM] Zefix:zefix
GTRP_McQueen:mcqueen
GTRP_cycas:cycas
killaHhh_plauzEe:plautze
Arne Swensson:swensson
BrandyAndy:brandyandy
HotRob:hotrob
guenni_d:guenni
Stexko:stexko
[CAV]LiveWire11c:livewire
[CAV]Maximus Decimus Meridius:maximus
Veevee:veevee
Rhime:rhime
janosch77:janosch
Dan Welder:welder
MaskdRyder73:ryder
Drifter:drifter
jensen3112:jensen
sz-racer:robin
Krater301:krater
Gijon13:gijon13
Sir Onkl Happy:uncle happy
TropicOne:tropic
DarthScud:scud
Slade1977:slade
Peter Kless:kless
Popo:popo
Gerrie van Boven:van boven
SlamDunkKing:slamdunkking
Flens07:flens
happy69:happy
mcbrian78:mcbrian
Paranovski:para
Svenson_MM:svenson
fabsen-:fabsen
Sinafasul:sinafasul
almkicker:almkicker
fox-R1:fox
NeoDelany6562:neo
Stormrider21:stormrider
MagicMaik:maik
nenak77:nenak
Bernd_Maylander:mayländer
PFC-Paula1969:paula
der_Jake:jake
FJ Heizer:heizer
Mikka05:mika
Podimix:podimix
Termi:termi
muffin3656:muffin
itsKaroLA:karol
Tomile2708:sonic
etzler:etzler
bluesbrother58:bluesbrother
brain1974:brain
belzebuddha:buddha
AsianDoll16:asiandoll
Nikoboerger:boerger
BobHoliday:holiday
GER_Lemmi:lemmi
RacerThom:thom
GT-frilli:frilli
Don_TKA:don
xX19Thomas75Xx:thomas
bog187:bog
VERSACE1337:versace
King-SeeAge:seeage
T-J-M--14:tjm
Stony8684:stony
Marcus Err:err
Nevil:nevil
Arwnk:arwnk
EckisReiskocher:reiskocher
GTRP_dani:dani
GTRP_EmmyE46:emmy
GTRP_FoxPower88:fox power
GTRP_gm6875:gm
GTRP_MustangV8:mustang
GTRP_polini-911:polini
GTRP_Spanni:spanni
GTRP_Spinna:spinna
GTRP_Timpa:timpa
GTRP_Tool-time:tool time
GTRP_Wardor:wardor
GTRP_Xsala:xsala
KatanaRRR:katanar
Lizard77:lizard
Mihonell:mihonell
ROFFATI:roffati
SOH_muanle:muanle
ToniPyloni:pyloni
TropicalThunder1:thunder
Drifter190D:drifter
GTRP_Brecher:brecher
MrHissy:hissy
Tim Venker:venker
[TYR] cellobello:cellobello
rallebmw:ralle
Hypnotoad:hypnotoad
Di Popi Ano:ano
[ICD]RubberDuck:duck
[ICD]Wulfgar:wulfgar
CcG|Genius:genius
CcG|Strike twitch.tv/strike0038:strike
derwelsch:derwelsch
Rowdog76:rowdog
ODDL23:oddl
frank-kwk:frank
Matze2283:matze
Toto_Silber:silber
Michael L.:michael
Stede:stede
Karsten Kremer:kremer
FreeFrankonia:frankonia
[TKF] Beyer:beyer
Panther7105:panther
Porschejogger:jogger
TommyRay:ray
mclaren445:mclaren
Marcel_Rothstein:rothstein
brausepaul313:brausepaul
cologne-spawn:spawn
The-Sandman:sandman
Chips N Queso:queso
HEF51:hef
Raven403:raven
BeetesJuice:juice
RxHevnTT:rx
geek:geek
ole jesup:jesup
Pest C0ntrol:pest
NoRegrets702:regrets
AndrewJohnson17:johnson
AbeWoz:abe
MohawkMan94:mohawk
knukken:knukken
Storm trooper:trooper
GR4DEMON:demon
JohnSchoonsBeard:johnschoonsbeard
Radek Pawlaczek:pawlaczek
Jim Brailsford:brailsford
Bailey Lagstrum:lagstrum
Tobias Luigart:luigart
Dirk Huperz-Reuber:reuber
Alex Stahlhut:stahlhut
Arnold Columbia:columbia
Warren Rozario:rozario
Jacques Berny Team GTR3-Fr:berny
Frederic Veillon:veillon
Andreas Werlberger:werlberger
Jörg Menzel:menzel
Tim Ullrich:ullrich
Magnus Schmitt:schmitt
Bernd Engler:engler
Peter Langenhan:langenhan
Nils Ruwisch:ruwisch
Steffen Buhl:buhl
Mateusz Panek:panek
Heinz-Peter Vobis:vobis
Rene Drawert:rene
Not Available:available
Sascha Günther:günther
Gutteling Richard:richard
Robert Gerke:gerke
Walser Michael:walser
Roman Holzi:holzi
Liongivré Team_GTR3-Fr:liongivré
Rene Legende Team GTR3-Fr:legende
Marcel Schümmer:schümmer
Lars Otto:otto
Sven Oliver IMP:oliver
Christian Brosch:brosch
Tobias Knoop:knoop
Michael Brese:brese
Sven Schlüter:schlüter
Frank Bock:bock
Mitos MST:mitos
Tobias Pudlich:pudlich
Max Ohliger:ohliger
Stefan Dembski:dembski
Sirko Sundermann:sundermann
Charly Braun:braun
Danie Steenkamp:steenkamp
Hans-Jörg Mächler:mächler
Pascal Drees:drees
Rainer Stork:stork
[FHP] Mortsie:mortsie
GTRP_MrMac:mr mac
Majstor_Stevo:stevo
XR Mitch9003:mitch
timo199_:timo
dominoeffeckt:dominoeffeckt
riowac85:rio
Tiberius_85:tiberius
[TRM] Gernot B.:gernot
XR Maggo:marco
XR TommyKaira88:tommy
ockerocker:ockerocker
GTRP_newbayer07:bayer
p_lustig:lustig
Floppyh:floppy
Tscholli83:tscholli
Jens Wolf:jemec
mjemec1990:jemec
fc_momo91:momo
Frank Pabst:pabst
j_rindt:rindt
XRC inthebagbud:big g
Skidmeister:skid meister
jenzone:jenzone
[TGR] AtzeBK:atze
GTRP_Hajora:hajora
gsi_er:gsi
XR Freestyler:freestyler
fity80:fity
[TRM] Zefix:zefix
GTRP_McQueen:mcqueen
GTRP_cycas:cycas
killaHhh_plauzEe:plautze
Arne Swensson:swensson
BrandyAndy:brandyandy
HotRob:hotrob
guenni_d:guenni
Stexko:stexko
[CAV]LiveWire11c:livewire
[CAV]Maximus Decimus Meridius:maximus
Veevee:veevee
Rhime:rhime
janosch77:janosch
Dan Welder:welder
MaskdRyder73:ryder
Drifter:drifter
jensen3112:jensen
sz-racer:robin
Krater301:krater
Gijon13:gijon13
Sir Onkl Happy:uncle happy
TropicOne:tropic
DarthScud:scud
Slade1977:slade
Peter Kless:kless
Popo:popo
Gerrie van Boven:van boven
SlamDunkKing:slamdunkking
Flens07:flens
happy69:happy
mcbrian78:mcbrian
Paranovski:para
Svenson_MM:svenson
fabsen-:fabsen
Sinafasul:sinafasul
almkicker:almkicker
fox-R1:fox
NeoDelany6562:neo
Stormrider21:stormrider
MagicMaik:maik
nenak77:nenak
Bernd_Maylander:mayländer
PFC-Paula1969:paula
der_Jake:jake
FJ Heizer:heizer
Mikka05:mika
Podimix:podimix
Termi:termi
muffin3656:muffin
itsKaroLA:karol
Tomile2708:sonic
etzler:etzler
bluesbrother58:bluesbrother
brain1974:brain
belzebuddha:buddha
AsianDoll16:asiandoll
Nikoboerger:boerger
BobHoliday:holiday
GER_Lemmi:lemmi
RacerThom:thom
GT-frilli:frilli
Don_TKA:don
xX19Thomas75Xx:thomas
bog187:bog
VERSACE1337:versace
King-SeeAge:seeage
T-J-M--14:tjm
Stony8684:stony
Marcus Err:err
Nevil:nevil
Arwnk:arwnk
EckisReiskocher:reiskocher
GTRP_dani:dani
GTRP_EmmyE46:emmy
GTRP_FoxPower88:fox power
GTRP_gm6875:gm
GTRP_MustangV8:mustang
GTRP_polini-911:polini
GTRP_Spanni:spanni
GTRP_Spinna:spinna
GTRP_Timpa:timpa
GTRP_Tool-time:tool time
GTRP_Wardor:wardor
GTRP_Xsala:xsala
KatanaRRR:katanar
Lizard77:lizard
Mihonell:mihonell
ROFFATI:roffati
SOH_muanle:muanle
ToniPyloni:pyloni
TropicalThunder1:thunder
Drifter190D:drifter
GTRP_Brecher:brecher
MrHissy:hissy
Tim Venker:venker
[TYR] cellobello:cellobello
rallebmw:ralle
Hypnotoad:hypnotoad
Di Popi Ano:ano
[ICD]RubberDuck:duck
[ICD]Wulfgar:wulfgar
CcG|Genius:genius
CcG|Strike twitch.tv/strike0038:strike
derwelsch:derwelsch
Rowdog76:rowdog
ODDL23:oddl
frank-kwk:frank
Matze2283:matze
Toto_Silber:silber
Michael L.:michael
Stede:stede
Karsten Kremer:kremer
FreeFrankonia:frankonia
[TKF] Beyer:beyer
Panther7105:panther
Porschejogger:jogger
TommyRay:ray
mclaren445:mclaren
Marcel_Rothstein:rothstein
brausepaul313:brausepaul
cologne-spawn:spawn
The-Sandman:sandman
Chips N Queso:queso
HEF51:hef
Raven403:raven
BeetesJuice:juice
RxHevnTT:rx
geek:geek
ole jesup:jesup
Pest C0ntrol:pest
NoRegrets702:regrets
AndrewJohnson17:johnson
AbeWoz:abe
MohawkMan94:mohawk
knukken:knukken
Storm trooper:trooper
GR4DEMON:demon
JohnSchoonsBeard:johnschoonsbeard
Radek Pawlaczek:pawlaczek
Jim Brailsford:brailsford
Bailey Lagstrum:lagstrum
Pezby:pezby
Endersai:endersai
Blackmyst:blackmist
cloudmcshort:mcshort
fab.ICEMAN:fabiceman
Michiski22:mitchiskey
madderose:madder rose
Oh Darn:oh darn
benimi:benimi
Kaleeb42:kaleeb
OvivoJR:ovivo junior
Zetmir:zetmir
BladeCruiser:blade cruiser
Tonyborbony:tony borbony
Arkn:arkn
jeffreyschumi:jeffrey schumi
R3d_T1G3R:red tiger
Sugar Free Nos:sugar free nos
Micha Pfalzdriver:pfalzdriver
Nino Scholz:scholz
Nebula|Shino:shino
Nebula|Ryox:ryox
Leiter fur Kundenzufriedenheit:leiter
paN:pan
Lynx:lynx
Sascha Reynders:reynders
P1CE Seb93:seb
[SQ.R.T] MarcZX9R:mark
[SQ.R.T]_JoRiS023_BE:joris
[SQ.R.T]_DucDuc_VR46:ducduc
KooKran:kookran
[PBR]*Su7*:su7
Wallstark:wallstark
[SQ.R.T]_SyPH3R_FR:sypher
[SQ.R.T]_R4zORB4cK_FR:razorback
[SQ.R.T]_Max1000p_FR:max
[SQ.R.T]_KamiKz_FR:kamikaze
SQ.R.T]_KouRi_FR:kouri
[PBR] Baloo:baloo
[SQ.R.T]_FRaGGY_FR:fraggy
[TX3] Bendack-Fr:bendack
TX3-Racer:racer
[NRT]seb7025:seb
[B4R].LAFAILLE77:lafaille
[B4R]Dede-Be:dede
[AMG] SpitFire:spitfire
[AMG] Kleryon:kleryon
[AMG] Tom:tom
[TX3]lulured:lulured
[TX3]BUBU:bubu
[SQ.R.T]_KeNDal_FR:kendal
[NRT] mike94700:mike
3ART Lowimpact:lowimpact
Chris Villars:chris villars
[E.S.R]_Doppel#217:doppel
[E.S.R] Hawk:hawk
[E.S.R]_Str3ms#22:strems
[NRT] Riddick63160:riddick
[VDM] Enrico62:enrico
TX3 Fabio:fabio
[RF] MotorSport:motorsport
[S.Q.R.T]CoX63_FR:cox
[SQ.R.T]_UmUTUsu_TR:umut
[SQ.R.T]_Chuck_FR:chuck
[E.S.R] Kobe_2605:kobe
NutsMammoth:nutsmammot
iceman17:iceman
[GM] mike_di_rossi:di rossi
[AMG] Tonton Juju:tonton juju
[NRT] Sgoom:sgoom
[SQ.R.T]_ViNCE_FR:vince
[S.Q.RT]_SKuLL_BE:skull
[NRT] Ichabod:ichabod
discretos37:discretos
P1CE Nico:nico
INCOGNITO72:incognito
Benjamin Menger:menger
elitekilla29:elite killa
esiotrot:esiotrot
ICH-Motorsport:ich
HeathenPride:heathen pride
alegunner68:alegunner
Storm--Trooper-:storm trooper
Priesty_lfc:priesty
ned_chimp_choker:chimp choker
sp00ky-w00ky-:spooky wooky
weal77:weal
Shin_Roh:shin roh
admoo:admoo
allstyles:allstyles
danrc2010:danrc
No1Driv3r_:driver
Football67611:football
cbcvabch:cbc
CaptainDash:captaindash
acekiller15:ace killer
HammyMansell1980:mansell
Yeldz:yeldz
Zakspeed_TV:zakspeed
xI_SaDShooTeRx:sad shooter
DIOGOPINTO121:diogo
gr4demon:demon
The__Ambitious:ambitious
Nicky_B_mc:nicky b
weisda3:weisda
Carnby7:carnby
OsLimas:oslimas
nosoks:nosoks
Weslev007:weslev
Bonio71:bonio
xkubunt:xku
davidb_165:david b
Yamamoto-:yamamoto
Markeeez18:markeeez
matty234:matty
slr5000912:slr
revhead_1000:rev head
bloodyboyblue:bloody boy blue
buybon355:buy bon
helicon2:helicon
dinityfor6:dinity
Jorrit82:jorrit
FRS_SK8R:skater
thebigRAGOO_14:the big ragoo
lightweight1980:lightweight
PLATANO646:platano
Whaleboy:whaleboy
Majortrauma999:majortraumer
IRandyPirate:randy pirate
Jallmari:jallmari
Dongel:dongel
GTP_Brit999:brit
GTP_Cantona:cantona
RADxUK:rad
thewispo:wispo
SkaankyPuppy:skaankypuppy
RizlaTML:rizla
skyyjuice:skyjuice
yido:yido
VicrsVF1:vic
tobiasols:tobias
brandoluckybeatz:brando
diesel4x497:diesel
chilybee:chilybee
RacingAtHome:racing at home
SeeSickSteve:seesicksteve
FC_SHARKY:sharky
AndroR35:andro
garethwinst1978:gareth winst
TDZ-4-12-14-88:tdz
copes24:copes
ANFD:anfd
dee54:dee
i-was-ere:i was ere
SmilerFTM:smiler
donpawley:donpawley
micantony:mick and tony
chin2112:chin
Ajgrizzle:grizzle
GTP_Ph1sh:fish
Uniden347:uniden
Schmiggz:schmiggz
Ejiff_Emro:ejiff emro
GTP_Howellsey:howellsey
potatoe506:potatoe
ozabroad:ozabroad
sn1p3r3lite1:sniper
a2tommy1881:tommy
gtaellis:ellis
OllyP90:olly
POLARBEARpl:polarbear
Giant slayer_48:giant slayer
Erti147:erti
zip.plummer:zip
Erti147 Chaozbandit:bandit
SVK_Duchi:duchi
F1 racer:f1 racer
DANGEROUS GIANETTA:gianetta
Der Beppo:beppo
Gxbbs:gibbs
warntyre:warntyre
billzkid:billzkid
Hideaki:hideaki
kubbak:kubbak
hagar147:hagar
estebano:estebano
Soderholm:soderholm
Mulleyg:mulleyg
Hamish Sopwith:sopwith
Raigore:raigore
Martinb65:martinb
Partyfuchs:party
Phil:phil
RodroX:rodro
ramdrop:ramdrop
Yuriznikov:yuriznikov
eagle2339:eagle
[BSR]DozerKitty:dozerkitty
NRL | Kubica:kubica
Tradeaux:tradeaux
Jay:jay
Neil Bywater:bywater
Ranger:ranger
Jayden Thurlow:thurlow
Canisbe:canisbe
Browneskiii:browneski
Tipple:tipple
centro:centro
AndrexUK:andrex
PedroRC 99:pedro
AJ:aj
Viceguy:viceguy
Bluerat:bluerat
TonyR:tonyr
SDL Masa:masa
Jellyfish:jellyfish
The Wizard Of Noz:noz
SilverArrow3:silverarrow
Ycoms:ycoms
Papand:papand
5Aces.Nesterowicz:nesterowicz
Mazy CZ:mazy
BAM khaki:khaki
BAM DyndaS:dyndas
Miniblack:miniblack
t0day:today
Puffpirat:puffpirate
Martin van der Bent:van der bent
Karottenrudi:karotten
dodo:dodo
Yoohan:yoohan
Lukas Schumacher:schumacher
Michal7M:michal
Skanda-Five:skanda five
lillionscage:lionscage
DaveBisto:bisto
Djuvinile:juvenile
CMcH_15:cm
mdoherty20:doherty
Jav-aniceday:jav
J Chaim:chaim
Toxic_lfc:toxic
I Am Reginald:reginald
iceman153:iceman
*QGR*guiguiLALEE:gigi
dj ballistic:ballistic
Mu11man:mullman
lennc33:len
Noisen:noisen
bluetorch.hu:bluetorch
buzzhornet:hornet
Armstrong182:armstrong
Thomas Nuesse:nuesse
Masscot:mascot
lmntr:elementer
magical-one:magical-one
suzuka:suzuka
zef:zef
o.freddy:Freddy
j.zed:Zed
sebs15:sebs
cg kalatoran team gtr3-fr:kalatoran
christoph spiller:Spiller
kai ostwald:Ostwald
mike voigt:Voigt
roland rauch:Rauch
manz:Manz
mike kadlcak:Kadlcak
yannik schäffer:Schäffer
matthias rudolph:Rudolph
stoffi:Stoffi
quechua:Quechua
rost:Rost
tempel:Tempel
peter kroll:Kroll
ulrich hesse:Hesse
marco werner:Werner
marcel heiz:Marcel
benni arndt:Arndt
bile kurvin:Kurvin
oliver wessel:Wessel
rainermusch:Rainer
roger menro:Menro
dsp'skys:skys
chris512tr:Chris
vmax330:Vmax
jempy:Jempy
jeromesgd:Jerome
shen:Shen
tifoso:Tifoso
fabgex:Fabgex
mick:Mick
royce959:Royce
peksis57:Peksis
clubsport25:Clubsport
nels piquet:Piquet
antoni rodriguez:Rodriguez
patrick notturno:Notturno
cmk:CMk
sebel19:Sebel
woinwoin06:Woinwoin
alap83:Alap
xavcar:XavCar
vasco:Vasco
fredo:Fredo
caryl:Caryl
denis wit:Wit
ttguss:Guss
kristofer gerle:Gerle
sparten:Sparten
morten roslev:Roslev
lillion:Lion
christian moreau:Moreau
joel:Joel
pio:Pio
terra21:Terra
mr chip:Chip
sven:Sven
s0ul01:Soul
barrytrotter8:Barry
angeln1ck:Angel
offcorsa:corsa
oldearl:Earl
eldoro:Eldoro
jonah hax:hax
nucrx2003:nucrx
whats:whats
mr. urlauber:Urlauber
delof:Delof
edtheshed:edtheshed
westfield:Westfield
toxl:Toxl
razzia:Razzia
vr slipstream:slipstream
jannik rasmussen:rasmussen
vivekananda reddy:reddy
bilekurvin:bile
guvna:guvna
ned:Ned
orangewig:Orangewig
chibigeese:Chibigeese
kwakaman:Kwaka
xen tran:Xentran
kl1ck kl1ck:click
xxx r00tl3ss:Rootless
witcher wolf:Wolf
no grip:Grip
reini overtheclock:reini
serious moose:Moose
david nexon:Nexon
tobias kunz:Kunz
jesse hampton:Hampton
finus04:Finus
django mattuschek:Mattuschek
stefan kosubek:Kosubek
patrick schwanz:Schwanz
thrill:thrill
dietmar blaskowski:Blaskowski
kera:Kera
sir bratwurst:Bratwurst
jm-performances:JM
kev:kev
v. parginos:parginos
grobi0815:grobi
runkillcapture:Capture
keuschnitzel:keuschnitzel
corbs:Corbs
simp:simp
armin flohr:Flohr
helmut lütz:Lütz
hans paffrath:Paffrath
adrian louchart:Louchart
max bischoff:Bischoff
hannes röbbert:Röbbert
leon welsch:Welsch
iroxo:Iroxo
gounzy:Gounzy
nono-reg:nonoreg
derek lundie:Lundie
rolandksp:RolandK
piotrek blaszczak:Blaszczak
crowhop:crowhop
atticus williams:Williams
r. schmidt:Schmidt
mike hawky:Hawky
kinge71:Kingy
mesopelagic:Mesopelagic
droid:Droid
tubbie:Tubbie
saffie blackflag:Saffie
christoph spiller:Spiller
ivan sanchez:Ivan Sanchez
j. pardo:Pardo
rummy:Rummy
f. ozanne:Ozanne
ricardo edelmann:Edelmann
baddogcbr929:baddog
andy blade:blade
speckelfe dizington:dizington
obrok71404:obrok
giorjoe:giorjoe
pexy123:Pexy
jac-1234:JAC
roundrocket:Roundrocket
tc-spoghead:Spoghead
weekesey:Weekesey
edgepool:Edgepool
robgunns:Robgunns
tc-wizz:Wizz
danster1892:Danster
tc-mark:Mark
tc-jon_hong:hong
chaospunx82:chaospunx
fastgringo:Gringo
monds:Monds
moreau:Moreau
kahn:Kahn
lazorenko:Lazorenko
gorgiev:Gorgiev
johnston:Johnston
kabis:Kabis
oberg:Oberg
öberg:Oberg
vercetty:Vercetty
yakubu:Yakubu
ambrosiewicz:Ambrosiewicz
del valle:Del Valle
edmunds:Edmunds
bogdan:Bogdan
stjerneby:Stjerneby
tronier:Tronier
bailey:Bailey
whitby:Whitby
emilio collavino:Collavino
rift racer:rift
tam-esox:esocks
tam-ronster:ronster
michael hartmann:hartmann
steve o'connor:O'Connor
k.soze:soze
m.le piloteur:piloteur
pinky:Pinky
g murphy:Murphy
matthias stahl:Stahli
schnecke:Schnecke
saleen:Saleen
jolahiti:jolahiti
bmwfreak:Freak
edtheshed:shed
marc copa:Mark
trevor snowden:Snowden
szabolcs kulcsar:Kulcsar
earlyapex:earlyapex
rickybobby:Rickybobby
glen:Glen
jake:jake
aracco:aracco
peter szoke:Szoke
gastón:Gastón
gaston:Gaston
wolfgang kronthaler:Wolfgang Kronthaler
harald kronthaler:Harald Kronthaler
matthias fisch:Fisch
ronald fuchs:Fuchs
stev aladisch:Aladisch
maik rybak:Rybak
mika behrens:Behrens
stefan meissner:Meissner
nico brandt:Brandt
fabian schmidberger:Schmidtberger
ingo schilonka:Schilonka
ertekin dal:ertekin
judach250986:dach
mathijs heems:Heem
gerald frey:Frey
-acr-stoepsel:Stoepsel
tabis:tabis
will:Will
lorant:Lorant
somaher:Somaher
fitzpatrick:Fitzpatrick
sartono:Sartono
jaye:Jaye
csorbi*psl*:Csorbi
bo henriksson:Henriksson
tull gianni:Gianni
mathias:Mathias
gaston:Gaston
laurent londes:Londes
vatter:Vatter
kobus de villiers:de Villiers
brioche:Brioche
patrick hoff:Patrick Hoff
marco dempwolf:Dempwolf
dimavika:Dima
nucrx2003:nuke
ceol mor:kell-more
dürrer eber:Eber
bullkopp:BullKopp
angelnick:Angel
cyclic bug:Bug
charles kocinski:Kocinski
markus:Markus
joky:Jokey
kocka5:Kocka
kornel bana:Bana
csaba kuti horvath:Kuti
jozsef zsebe:Zsebe
janos ipolyi:Ipolyi
arpi psl:Arpi
laszlo csordas:Csordas
mumus70:mumus
adam:Adam
emerson fittipaldi:Fittipaldi
mark donohue:Donohue
peter revson:Revson
george follmer:Follmer
denis hulme:Hulme
aj foyt:Foyt
richard petty:Petty
bobby unser:Unser
rodger mccluskey:McCluskey
david pearson:Pearson
gordon johncock:Johncock
bobby allison:Allison
geocrack:Geocrack
headpain:Headpain
jeda50:Jeda
oldkropp:old crop
outback:Outback
markus doerner:Doerner
zzas boa:Doerner
jake feimster:Feimster
mr. maple:Maple
onkeldoerte:Doerte
hendrik fritsch:Fritsch
kevin kirkbride:Kirkbride
mr.reno:Reno
mirko:Mirko
rsr barackolama:Llama
lyton:Lyton
m. doerner:Doerner
denis maes:Maes
jerome thellier:Telier
lionel gerber:Gerber
evan marion:Marion
yves ganzoni:Ganzoni
eric lemouton:Lemouton
franck dusud:Dusud
mano grimnini:Grimnini
christian bagnasco:Baniasco
eric waaouu:Waou
julien delage:Delage
frederic robin:Robin
patrick giranthon:Giranton
stephane moomish:Moomish
sylvano tenza:tenza
mika mermik:mermik
philippe patry:Patree
aleksei spirichev:Spirichev
marc goaderoch:Goaderoch
pierre faivre:Faivre
christophe boule:Boule
fred s:Salez
thomas lacombe:Lacombe
cermelo stagno:Stanio
eric cheradame:Cheradame
jean buck:Buck
david sensei:Sensei
francois caratti:Carati
olivier franconen:Franconen
mathieu barthelemy:Bartelemy
pacal nonza:Nonza
olivier gombeaud:Gombo
christophe charrier:Charrier
freddy rasschaert:Rasschaert
paul dens:Dens
philippe saleix:Salex
xavier chambon:Chambon
remy ammour:Amour
daniel buyle:Buyle
frederic boiron:Boiron
laurent hurion:Hurion
sebastian hauer:Hauer
schlupauge:Schlupauge
lou masciarelli:Masciarelli
romain confais:Confay
micha b.:Mike B
joel:Joel
edwin collingridge:Collingridge
sven lehmann:Lehmann
snublefot:Snublefot
speedy 65:Speedy
ratanak t.:Ratanak
thomas friedrich:Friedrich
carbo-oz:Carbo
olivier pawlicki:Pawlicki
marjan koderman:Marjan
gruutman:gruutman
steve meckel:Meckel
paul garrett:Garrett
moesha weber:Weber
rstrophy:TROPHY
gary wakelin:Wakelin
jon wathen:Wathen
al marimon:Marimon
chris moses:Moses
david ralli:Ralli
ian jolicoeur:Jolicoeur
mike monahan:Monahan
kevin miller:Miller
didier galea:Galea
andreas schmitz:Schmitz
david nexon:Nexon
dirge cerberus:Dirge
rolf steiner:Steiner
inguni:Inguni
spark:Spark
flame:Flame
munchkin:Munchkin
martinwrx:Martin
hammer:Hammer
mistral:Mistral
nico jahnke:Jahnke
andreas thiel:Thiel
zack hefner:Hefner
kevin kirkbride:Kirkbride
abe wozniak:Wozniak
andrew adamson:Adamson
jesse olsen:Olsen
david maros:Maros
dan thorpe:Thorpe
adam levy:Levy
marc degras:DeGras
jt lauro:Lauro
luis nieto:Nieto
ronny nunez:Nunez
jon ludden:Ludden
eiran parsons:Parsons
brad merys:Merys
jon mcintyre:Mcintyre
david poel:Poel
andrew werner:Werner
john houston:Houston
david zahn:Zahn
kobus de villers:de Villers
peter szabo:Szabo
sergio calderon:Calderon
omar gomez:Gomez
gregory myers:Myers
bjoern hehmann:Hehmann
brian jones:Jones
johnathan cuppet:Cuppett
alexander wolters:Wolters
carlos de la torre:De La Torre
brian storey:Storey
marty u'ren:U'Ren
iggy ciordia:Ciordia
sam rolfe:Rolfe
gup douglas:Douglas
jack ivy:Ivy
chuck carter:Carter
martin wolters:Wolters
tom traskal:Traskal
jake feimster:Feimster
ken baldwin:Baldwin
kevin lechmanski:Lechmanski
matt taylor:Taylor
peter burke:Burke
james russell:Russell
mike greatrix:Greatrix
hugo rakete:hugo
ken baldwin:baldwin
landskron:landskron
eingangrad:Eingang
appel:Appel
wellington:Wellington
scaniello:Scaniello
kis tibor:Tibor
csőke dezső:Dezső
pinczés ádám:Ádám
nagy lászló:László
kesjár andrás:András
mándity istván:István
molnár dániel:Dániel
nándori márk:Márk
varga dávid:Dávid
komlósi péter:Péter
kenéz sándor:Sándor
füredi zoltán:Zoltán
tassi attila:Attila
rosner bence:Bence
blum balázs:Balázs
amrein roland:Roland
tullner attila:Attila
jäger tamás:Tamás
mézes gyula:Gyula
nagy balázs:Balázs
vas gergő:Gergő
eszeny andrás ervin:Ervin
varga péter:Péter
horváth róbert:Róbert
apjok imre:Imre
kiss dániel:Dániel
viski gábor albert:Albert
nagy gábor:Gábor
füredi zoltán:Zoltán
szűcs máté:Máté
lengyel ákos:Ákos
bartha lászló:László
malm balázs:Balázs
disco1909:disco
eingangrad:Eingangrad
caspi4n:Caspian
hetharion:Hetharion
toker_row:toker_row
s4b1n:S4b1n
rambomonkey:Rambo
nrth:NRTH
dimavika:Dima
der saeger:Saeger
jack black:Black
selloh selloh:Selloh
sparrow:Sparrow
andreas:Andreas
gears:Gears
n.klemenz:Klemenz
shane miller:Miller
crowhop:Crowhop
frank schroeder:Schroeder
moe faster:Moe
fdg-goanna:Goanna
fdg stitch:Stitch
5l1m r4c3r:soldier
m.hindermann:Hindermann
shawn stein:Stein
rene:Rene
marjan:Marjan
fdg-dv8:DV8
fdg-dizz:Dizz
fdgnukeoz:Nuke
jairovet:Jairo
massimo martin:Martin
hercules papadopoulos:Papadopoulos
dog:Dog
tim siegwart:Siegwart
christian:Christian
vartulo:Vartulo
oli spofakl:Spofakl
thomas:Thomas
wile:Wile
michto bzh:Michto
kaayser soze:Kaayser
bul:Bul
garry:Garry
rouslan krajewski:Krajewski
hans:Hans
ricker:Ricker
nemenems:Nemenems
wutzmann:wutzmann
sanze.shk:Sanze
steffen barkhausen:Barkhausen
nastyboy:NastyBoy
ziegler:Ziegler
watana:Watana
yens:yens
markus ewert:Ewert
stefan hilpert:Hilpert
reinhard hiebl:Hiebl
markus ammann:Ammann
eingangrad:Eingangrad
caspi4n:Caspian
hetharion:Hetharion
toker_row:toker_row
vytautas leonavičius:leonivicius
marjan koderman:Koderman
enzo fazzi:Fazzi
sebastian kunze:Kunze
carsten dyndegaard:Dyndegaard
valerio ferraris:Ferraris
henri ahonen:Ahonen
tomas beha:Beha
tommi ojala:Ojala
joonas raivio:Raivio
stephen bailey:Bailey
neil heatlie:Heatlie
aitor sintes:Sintes
nello pastorino:Pastorino
tero dahlberg:Dahlberg
steph amiel:Amiel
thierry bovo:Bovo
hany alsabti:Alsabti
daniel gaspar:Gaspar
maximilian schieder:Schieder
nicolas hillebrand:Hillebrand
anthony jans:Jans
borja millan:Millan
david wassermann:Wassermann
nick newcombe:Newcombe
dennis hadlak:Hadlak
martin dyrlund:Dyrlund
bryce louw:Louw
nathanael lupson:Lupson
george manousakis:Manousakis
mariano calo:Calò
george angelidis:Angelidis
chris graham:Graham
rinus janssens:Janssens
richard blokker:Blokker
ronald kracht:Kracht
robin tol:Tol
rino demeulemeester:Demeulemeester
yuri kasdorp:Kasdorp
per oqvist:Oqvist
sebastien stako:Stako
marius nicolae:Nicolae
shawn jacobs:Jacobs
grebenc gasper:Grebenc
james johnson:Johnson
wojciech osadowski:Osadowski
nuno pinto:Pinto
brent lindsay-rae:Lindsay-Rae
greg hall:Hall
sando donadel:Donadel
ivan gridello:Gridello
shane chancellor:Chancellor
tobias roehner:Roehner
kyran parkin:Parkin
ed trevelyan-johnson:Trevelyan-Johnson
joona karimaa:Karimaa
kuba brzeziński:Brzeziński
pashalis gergis:Gergis
nikodem wisniewski:Wisniewski
ethan pattie:Pattie
adam hodgkinson:Hodgkinson
ian mills:Mills
james wilson:Wilson
ryan reed-edwards:Reed-Edwards
nick woodbury:Woodbury
niki djakovic:Djakovic
goran djordjevic:Djordjevic
adam taylor:Taylor
vladan sofijanic:Sofijanic
alberto pastorato:Pastorato
daniele pizzo:Pizzo
luca radaelli:Radaelli
nico barclay:Barclay
argenis riera:Riera
edgar ruiz:Ruiz
douwe tapper:Tapper
risto kappet:Kappet
ricardo costa:Costa
pedro gomes:Gomes
rickard norgren:Norgren
christian michel:Michel
aleksi kivela:Kivela
jimmy broadbent:Broadbent
povilas mičiūnas:Mičiūnas
oscar hardwick:Hardwick
eric stranne:Stranne
alexander vd woude:Van Der Woude
kacper kolodziejczyk:Kolodziejczyk
rhys gardiner:Gardiner
michael barnard:Barnard
gabriel rossouw:Rossouw
pedro delgado:Delgado
mark fuller:Fuller
tonga guardia:Guardia
diego carranza:Carranza
april dillon:Dillon
sam mcdonald:McDonald
jake hall:Hall
dennis lind:Lind
jt tami:Tami
shawn campbell:Campbell
aj dickman:Dickman
paul schuman:Schuman
todd alan:Alan
vincenzo cappella:Cappella
federico soave:Soave
luca bonatti:Bonatti
niclas porbadnik:Porbadnik
jan titz:Titz
bjorn wahlmeier:Wahlmeier
maik walterskotter:Walterskotter
augusto arias:Arias
gabriel machado:Machado
sebastian rodriguez:Rodriguez
fernando aldacour:Aldacour
andres rivero:Rivero
domian trappe:Trappe
stefan holzkamp:Holzkamp
alejandro fernandez:Fernandez
scott sovik:Sovik
phil letchford:Letchford
christopher pickford:Pickford
jon davies:Davies
marcel offermans:Offermans
dennis douna:Douna
ruud de wit:De Wit
andras kiraly:Kiraly
bert knops:Knops
thomas jacobs:Jacobs
boyd bryson:Bryson
gert james:James
chris hone:Hone
sido weijer:Weijer
martin buchan:Buchan
dan rusu:Rusu
matt strand:Strand
david nichols:Nichols
eric schmieder:Schmieder
adam baldwin:Baldwin
bram beelen:Beelen
robin de jong:De Jong
kevin van dooren:Van Dooren
thierry vd heijden:Van Der Heijden
tom schenkels:Schenkels
manuel marsili:Marsili
paolo marinaro:Marinaro
tommaso tortella:Tortella
ilaria fin:Fin
ivan gridello:Gridello
matheus machado:Machado
charles baccio:Baccio
joao martins:Martins
evan spall:Spall
allie ferrie:Ferrie
olivier fortin:Fortin
felix-antoine fortin:Fortin
martin vindis:Vindis
joe nathan:Nathan
christian meyer:Meyer
matthias grau:Grau
daniel faber:Faber
peter grau:Grau
heiko kolvenbach:Kolvenbach
sandro petrozziello:Petrozziello
alex woitala:Woitala
pedro ramada:Ramada
hugo marques:Marques
marco preda:Preda
kevin ryan:Ryan
enrico schaller:Schaller
christian fege:Fege
michael muller:Muller
daniel miebach:Miebach
marcus gerzack:Gerzack
matej lakota:Lakota
gergely baross:Baross
michele rizzo:Rizzo
alessandro puoti:Puoti
salvo sardina:Sardina
miroslav davidovic:Davidovic
arne schoonvliet:Schoonvliet
matt sentell:Sentell
daniel almeida:Almeida
kalle kouri:Kouri
don baumbach:Baumbach
dennis grebe:Grebe
mitchell smith:Smith
reinhard berger:Berger
toni ukic:Ukic
martin brault:Brault
maxime burggraf:Burggraf
arwin taruna:Taruna
david beranek:Beranek
bernd schmidt:Schmidt
patrick baaden:Baaden
sascha glatter:Glatter
ricardo azevedo:Azevedo
marcell csincsik:Csincsik
daniel wizner:Wizner
mike bell:Bell
jarrod van der weide:van der Weide
tjeerd feddema:Feddema
osvaldo angelone:Angelone
jose casanovas muller:Muller
carlos fernandez:Fernandez
ben willis:Willis
john nelson:Nelson
ben russell:Russell
thierry chalot:Chalot
alex quiveu:Quiveu
manu ferreiro:Ferreiro
jose alaminos garrido:Garrido
jm cardenas arnedo:Arnedo
grzegorz bulat:Bulat
wojciech kaczka:Kaczka
tomasz grobelny:Grobelny
marek cieslak:Cieslak
rudy cuppen:Cuppen
eddy gustina:Gustina
roy de muinck:de Muinck
max barkley:Barkley
artur szykula:Szykula
piotr morawiec:Morawiec
david holtrigter:Holtrigter
robert flaszynski:Flaszynski
mickael folcher:Folcher
harris muhammad:Muhammad
eralp kumartaslioglu:Kumartaslioglu
andika rama maulana:Maulana
brian lockwood:Lockwood
zdenek smarda:Smarda
matej surhanak:Surhanak
konrad bar:Bar
fran lopez:Lopez
maciek mlynek:Mlynek
tomasz biernat:Biernat
patryk gerber:Gerber
shane burke:Burke
standa sehnal:Sehnal
mateusz bogusz:Bogusz
luke walsh:Walsh
rickard nilson:Nilson
conny naslund:Naslund
cosimo streppone:Streppone
toni crevin:Crevin
teemu vaahti:Vaahti
eric schmidt:Schmidt
giuliano pollero:Pollero
niky lence:Lence
andrea mantovani:Mantovani
giacomo lapadula:Lapadula
michele molle:Molle
juan laskac:Laskac
ricardo demateo:Demateo
german demartino:Demartino
federico cravero:Cravero
pablo lorenti:Lorenti
curtis kenyon:Kenyon
darien bailey:Bailey
brian tremmel - hays:Tremmel-Hays
biagio milano:Milano
giampaolo folegati:Folegati
renato vigliotti:Vigliotti
valentin soleilhac:Soleilhac
raphael bohorodycz:Bohorodycz
baptiste quenaudon:Quenaudon
jimmy dion:Dion
carlos del alamo:Del Alamo
jose alvarez:Alvarez
iker fabian:Fabian
vicente lafarga:Lafarga
david serra:Serra
jacco visser:Visser
raymond makkus:Makkus
gerard de baar:de Baar
bauke bouma:Bouma
michel gulpen:Gulpen
adam delmont:Delmont
nick curry:Curry
alex scott:Scott
jimi hughes:Hughes
peter noe:Noe
jan molbech:Molbech
jimmy juel halvorsen:Halvorsen
kenneth holleufer:Holleufer
menno klont:Klont
thomas hinss:Hinss
dennis jordan:Jordan
wopke hoekstra:Hoekstra
radek sirc:Sirc
marek studnicka:Studnicka
janko vanak:Vanak
marek prokes:Prokes
martin prokes:Prokes
osvaldo cocozza:Cocozza
andrea di cello:Di Cello
alessandro catricala:Catricala
daniele cannistraci:Cannistraci
rens klop:Klop
jon uyan:Uyan
troy uyan:Uyan
jules goux:Goux
david hart:Hart
greg hall:Hall
lee russell:Russell
henrik hoier:Hoier
sherwin vd sloot:van der Sloot
joe ciampa:Ciampa
per rosenly:Rosenly
fran sola:Sola
rafael venteo:Venteo
francesc matallana:Matallana
vicent simeon:Simeon
eric canet:Canet
miguel vazquez:Vazquez
adolfo noriega:Noriega
borja ori:Ori
jorge fernandez:Fernandez
ivan rico:Rico
jeroen cijsouw:Cijsouw
yoeri gijsen:Gijsen
johan van doren:van Doren
ronny van den hof:van den Hof
wilbert velthove:Velthove
alex braeutigam:Braeutigam
david jundt:Jundt
mike horn:Horn
fatih demirci:Demirci
james duku:Duku
martin swaczyna:Swaczyna
andreas schroder:Schroder
alexandre santos:Santos
lucas dittrich:Dittrich
marcelo silveira:Silveira
ricardo salgueirinho:Salgueirinho
ales pleva:Pleva
jiri vyslouzil:Vyslouzil
tom kubik:Kubik
lukas sramek:Sramek
josh hoare:Hoare
tobias lange:Lange
oli mcgown:McGown
nicola serini:Serini
cristian bellini:Bellini
alessandro dalledonne:Dalledonne
marco bononi:Bononi
marco cesana:Cesana
facundo lopez:Lopez
ariel rojas:Rojas
nicolas destefanis:Destefanis
lucas perucca:Perucca
alessandro silva:Silva
alex belao:Belao
willian schlichting:Schlichting
eduardo beninca:Beninca
max hellmuth:Hellmuth
sebastian rothaug:Rothaug
fabian szyrzik:Szyrzik
kevin jaeger:Jaeger
juha-pekka lammi:Lammi
stephen miller:Miller
adam farmer:Farmer
ahmet demircan:Demircan
ahmet tokmak:Tokmak
alessandro peretti:Peretti
alessio ricci:Ricci
alexander hess:Hess
amrish seunarain:Seunarain
andrea crespi:Crespi
andrea peverati:Peverati
antonio abreu:Abreu
bjorn golda:Golda
campbell wallis:Wallis
carlo ivaldi:Ivaldi
carlos barbosa:Barbosa
carlos santos:Santos
celso gomes:Gomes
chris williamson:Williamson
claudio cestari:Cestari
corrado ciriello:Ciriello
craig woollard:Woollard
christian riva:Riva
daniele tulli:Tulli
fabio cangioli:Cangioli
franco scalet:Scalet
gerrit crafford:Crafford
harald bachmann:Bachmann
hugo araujo:Araujo
ivan chiarini:Chiarini
jacky lotterman:Lotterman
jalal mirjalalli:MirJalalli
james price-harper:Price-Harper
jeremy talbot:Talbot
joao brito:Brito
johnnj piccolo:Piccolo
jorge alves:Alves
joshua anderson:Anderson
karel petrovsky:Petrovsky
lance garassino:Garassino
lorenzo tortella:Tortella
luca lazzarato:Lazzarato
lucas wirtz:Wirtz
marco mazzetti:Mazzetti
mark henebury:Henebury
matej surhanak:Surhanak
melih cakmakli:Cakmakli
miguel cabral:Cabral
miroslav pavlicek:Pavlicek
nestor lopez:Lopez
nicola dagostino:Dagostino
otelo gonzaga:Gonzaga
pedro braganca:Braganca
pedro lopes:Lopes
petr varmuzka:Varmuzka
raul ignacio rivera:Rivera
riccardo alitta:Alitta
roberto de filippis:de Filippis
sebastian pietrfesa:Pietrfesa
sergio azevedo:Azevedo
stan voytypka:Voytypka
thomas crabb:Crabb
thomas lachevre:Lachevre
tom knoll:Knoll
tomasz luty:Luty
tony mella:Mella
victor gazulla:Gazulla
william silvera:Silvera
jarl teien:Teien
han fazzi:Fazzi
john trevelyan:Trevelyan
marcelo aiello:Aiello
kasper stoltze:Stoltze
krystian nalepa:Nalepa
sten ambus:Ambus
marius bert:Bert
arttu ylostalo:Ylostalo
lewis redshaw:Redshaw
matt richards:Richards
javier ulgalde:Ulgalde
mick lepoutre:Lepoutre
julian hansen:Hansen
neal pardoe:Pardoe
kevin cox:Cox
rob timpen:Timpen
csaba kiss:Kiss
jari vinnari:Vinnari
jesse doornbus:Doornbus
linus lundvall:Lundvall
riccardo corazzari:Corazzari
erhan jajovski:Jajovski
erwin levasier:Levasier
quentin benoit:Benoit
steven lexow:Lexow
joakim stensnaes:Stensnaes
kevin borell:Borell
tristan bollwinkel:Bollwinkel
radek indyka:Indyka
jose sousa:Sousa
sam williams:Williams
krisztian dani:Dani
leandre sparks:Sparks
marco lenz:Lenz
isara catherine:Catherine
annita kelly:Kelly
brandon dollar:Dollar
sam carmichael:Carmichael
tryphon davis:Davis
jeroen meijer:Meijer
kevin peters:Peters
florian koetz:Koetz
lazaros filippakos:Filippakos
quynh dang:Dang
trip..:trip
[aor] morvic:Morvic
mathias stiborski:Stiborski
michael garscha:Garscha
h@ribo 1764 [ger]:Haribo
kamiab salehi:Salehi
neawoulf:Neawoulf
adnanso:Adnanso
revane:Revane
gmac:gmac
enrique hervás:Hervás
siggi lentes:lentes
jamiri:Jamiri
geraldflysa:Gerald
zombie-79-:Zombie
crusader32:Crusader
kpr-team:K P R
maggels:Maggels
worthy1066:Worthy
hirsch00:Hirsch
ed trevelyan-johnson:Trevelyan-Johnson
rolandtj:Trevelyan-Johnson
3vil:Evil
al gartner:gartner
audi75:Audi75
banksy kai:Kai
banksy lee:Lee
brandon dove:Dove
bull:Bull
captainsloth:CaptainSloth
chalk:chalk
crank:Crank
dan77 solo:dan
debugti:Debug
ernie523:Ernie
fearless420:Fearless
force-no1:Force
gearknob:GearKnob
ghost:Ghost
hashegotabeard:beard
hayden mclaren:McLaren
helmit00:Helmit
isaacz93:Isaac
jammer:Jammer
karnage:Karnage
lurch:Lurch
mcweaksauce:McWeaksauce
memeticshift:memeticshift
mskbeans:MSKbeans
painternator:Painternator
pinpoint:pinpoint
rammingspeed:RammingSpeed
reaperman:Reaperman
rodders:Rodders
rvn:rvn
sinoob:Sinoob
speeddmon91:Speeddemon
splifsend:splifsend
supa:Supa
supastarr:Superstar
therickiestrick:Rick
tk421™:TK421
trash:trash
warmos:Warmos
zetax:Zetax
manuel kwiatkowski:Kwiatkowski
kilford:Kilford
holt:Holt
rebello:Rebello
burkhardt:Burkhardt
petrovic:Petrovic
bond:Bond
pearson:Pearson
woodruff:Woodruff
charpentier:Charpentier
den elzen:Den Elzen
grudzinskas:Grudzinskas
murray:Murray
jeffrey:Jeffrey
barber:Barber
joyce:Joyce
paton:Paton
de verteuil:De Verteuil
torrance:Torrance
harcla:Harcla
teron:Teron
laur:Laur
monteiro:Monteiro
maynard:Maynard
kelly:Kelly
finney:Finney
lass:Lass
harding:Harding
a'barrow:abarrow
hughes:Hughes
davison:Davison
carpenter:Carpenter
rice:Rice
shepherd:Shepherd
chadwick:Chadwick
dougherty:Dougherty
ross:Ross
maywood:Maywood
crane:Crane
cox:Cox
bracchi:Bracchi
polson:Polson
kraus:Kraus
bolukbasi:Bolukbasi
smaglia:Smaglia
ribolli:Ribolli
scoops:Scoops
dunki:Dunki
cagey:Cagey
redslr:RedSLR
wrighty:Wrighty
abbott:abbott
angelo:angelo
austin:austin
bretodeau:bretodeau
butcher:butcher
davenport:davenport
depper:depper
epps:epps
goff:goff
gorman:gorman
hops:hops
ingham:ingham
ingston:ingston
jelley:jelley
minard:minard
moll:moll
mound:mound
patrick:patrick
pollard:pollard
rollard:rollard
rostof:rostof
smiley:smiley
strandberg:strandberg
tordoff:tordoff
toldoff:toldoff
wayne:wayne
ocon:ocon
sainz:Sainz
magnussen:magnussen
stroll:stroll
ericsson:ericsson
vandorne:Vandorne
kvyat:kvyat
giovinazzi:giovinazzi
gasly:gasly
albacete:albacete
pareja:pareja
bovensiepen:bovensiepen
meeuvissen:meeuvissen
goeser:goeser
hahne:hahne
mattschull:mattschull
ballot-lena:ballot-lena
malcher:malcher
bello:bello
bertapelle:bertapelle
bosshard:bosshard
cambiaghi:cambiaghi
sasiambarrena:sasiambarrena
brabham:brabham
fangio ii:fangio
brock:brock
crompton:crompton
bychl:bychl
faubel:faubel
castagna:castagna
orlandi:orlandi
brancatelli:brancatelli
chrichton:chrichton
fury:fury
danner:danner
dupre:dupre
coyne:coyne
crichton:crichton
crowe:crowe
bartlett:bartlett
janson:janson
tulloch:tulloch
schlesser:schlesser
sears:sears
de dryver:de dryver
deletraz:deletraz
quester:quester
joosen:joosen
emmerling:emmerling
hine:hine
vermeersch:vermeersch
english:english
giroix:giroix
fabre:fabre
fevrot:fevrot
di gioia:di gioia
francevic:francevic
finauer:finauer
sytner:sytner
rogers:rogers
metge:metge
gulson:gulson
hansford:hansford
grice:grice
moreno:moreno
grouillard:grouillard
sala:sala
murmann:murmann
haezebrouck:haezebrouck
huysman:huysman
hamelmann:hamelmann
de radigues:de radigues
kalaschek:kalaschek
hesnault:hesnault
loudvig:loudvig
van de poele:van de poele
hulme:hulme
jabouille:jabouille
bleynie:bleynie
lafitte:lafitte
weaver:weaver
keogh:keogh
cotter:cotter
lagodny:lagodny
llewelyn:llewelyn
gerold:gerold
sommariva:sommariva
baigent:baigent
wall:wall
koenig:koenig
rensing:rensing
lingmann:lingmann
hoelzl:hoelzl
lorimer:lorimer
mhyre:mhyre
ludwig finauer:ludwig finauer
petit:petit
maljean:maljean
bertinchamps:bertinchamps
niederhof:niederhof
hessel:hessel
ketterer:ketterer
oestreich:oestreich
theys:theys
stermitz:stermitz
jassaud:jassaud
micangeli:micangeli
morin:morin
de lesseps:de lesseps
nick whale:whale
wirdheim:wirdheim
manthey:manthey
palma:palma
gasparri:gasparri
buxtorf:buxtorf
oberndorfer:oberndorfer
ratzenberger:ratzenberger
radisich:radisich
raes:raes
cremer:cremer
ray gulson:gulson
walterscheid-mueller:walterscheid-mueller
hoy:hoy
mckellar:mckellar
sorensen:sorensen
von loewis:von loewis
van debem:van debem
krab:krab
van hove:van hove
schinkel:schinkel
vanicek:vanicek
tomasek:tomasek
vogt:vogt
thatcher:thatcher
vojtech:vojtech
mertes:mertes
wollstadt:wollstadt
hass:hass
hatje:hatje
arella:arella
boon:boon
bakus:bakus
dhoore:dhoore
eugeni:eugeni
mimran:mimran
gjikoli:gjikoli
gillispie:Gillispie
dalton:Dalton
jaen:Jaen
mccabe:McCabe
sahin:Sahin
duran:Duran
mottoule:Mottoule
kederer:Kederer
badcock:Badcock
hartup:Hartup
kojic:Kojic
stulic:Stulic
bitala:Bitala
de jong:de jong
jurca:jurca
chardonneau:chardonneau
florez:florez
kearley:kearley
parginos:parginos
rubio:rubio
baud:baud
chan:chan
jura:jura
leung:leung
morales:morales
nieuwoudt:nieuwoudt
conn:conn
kekule:kekule
doug atkinson:Atkinson
brian van beusekom:van Beusekom
jordy zwiers:Zwiers
jon uyan:Uyan
greg hall:Hall
troy uyan:Uyan
jules goux:Goux
don baumbach:Baumbach
cosimo streppone:Streppone
tobias lange:Lange
Miguel Santiago Carou:Santiago Carou
Rynhardt Van der Merwe:Van der Merwe
Gabriele De Angelis:De Angelis
Jos van der Sterren:van der Sterren
Roel Houben:Roel Houben
Tom Houben:Tom Houben
Martin Godolakis:Martin Godolakis
Erik Godolakis:Erik Godolakis
Dennis Rottmann:Dennis Rottmann
Marc Rottmann:Marc Rottmann
David Wyatt:David Wyatt
Michael Wyatt:Michael Wyatt
Pod 1:pod 1
Pod 2:pod 2
Pod 3:pod 3
Pod 4:pod 4
Pod 5:pod 5
Pod 6:pod 6
Pod 7:pod 7
Pod 8:pod 8
Pod 9:pod 9
Pod 10:pod 10
Pod 11:pod 11
Pod 12:pod 12
Pod 13:pod 13
Pod 14:pod 14
Pod 15:pod 15
Pod 16:pod 16
Pod 17:pod 17
Pod 18:pod 18
Pod 19:pod 19
Pod 20:pod 20
Pod 21:pod 21
Pod 22:pod 22
Pod 23:pod 23
Pod 24:pod 24
Pod 25:pod 25
Pod_1:pod 1
Pod_2:pod 2
Pod_3:pod 3
Pod_4:pod 4
Pod_5:pod 5
Pod_6:pod 6
Pod_7:pod 7
Pod_8:pod 8
Pod_9:pod 9
Pod_10:pod 10
Pod_11:pod 11
Pod_12:pod 12
Pod_13:pod 13
Pod_14:pod 14
Pod_15:pod 15
Pod_16:pod 16
Pod_17:pod 17
Pod_18:pod 18
Pod_19:pod 19
Pod_20:pod 20
Pod_21:pod 21
Pod_22:pod 22
Pod_23:pod 23
Pod_24:pod 24
Pod_25:pod 25
Pod_One:pod 1
Pod_Two:pod 2
Pod_Three:pod 3
Pod_Four:pod 4
Pod_Five:pod 5
Pod_Six:pod 6
Pod_Seven:pod 7
Pod_Eight:pod 8
Pod_Nine:pod 9
Pod_Ten:pod 10
Pod_Eleven:pod 11
Pod_Twelve:pod 12
Pod_Thirteen:pod 13
Pod_Fourteen:pod 14
Pod_Fifteen:pod 15
Pod_Sixteen:pod 16
Pod_Seventeen:pod 17
Pod_Eighteen:pod 18
Pod_Nineteen:pod 19
Pod_Twenty:pod 20
Pod_Twentyone:pod 21
Pod_Twentytwo:pod 22
Pod_Twentyfive:pod 23
Pod_Twentyfour:pod 24
Pod_Twentyfive:pod 25
Pod One:pod 1
Pod Two:pod 2
Pod Three:pod 3
Pod Four:pod 4
Pod Five:pod 5
Pod Six:pod 6
Pod Seven:pod 7
Pod Eight:pod 8
Pod Nine:pod 9
Pod Ten:pod 10
Pod Eleven:pod 11
Pod Twelve:pod 12
Pod Thirteen:pod 13
Pod Fourteen:pod 14
Pod Fifteen:pod 15
Pod Sixteen:pod 16
Pod Seventeen:pod 17
Pod Eighteen:pod 18
Pod Nineteen:pod 19
Pod Twenty:pod 20
Pod Twentyone:pod 21
Pod Twentytwo:pod 22
Pod Twentyfive:pod 23
Pod Twentyfour:pod 24
Pod Twentyfive:pod 25